method,epoch,seconds,train_loss,val_loss
full_batch,1,0.00428039999678731,0.8970735391766017,0.8962129312425459
full_batch,2,0.006842899994808249,0.8282369965579095,0.8397098350148595
full_batch,3,0.01000219999696128,0.784369369649418,0.7983279208698443
full_batch,4,0.012723699997877702,0.7526284201200333,0.7716591539955032
full_batch,5,0.015536899998551235,0.7281416389515724,0.7487660623563678
full_batch,6,0.017799299996113405,0.7084694483397662,0.7314714092350811
full_batch,7,0.019598899991251528,0.6922163307466218,0.716489245462945
full_batch,8,0.02169149999099318,0.6785086634298086,0.7041638460022198
full_batch,9,0.023522699979366735,0.6667614434095248,0.693446564631502
full_batch,10,0.02519669999310281,0.6565633657076323,0.6842347133246349
full_batch,11,0.026780599990161136,0.6476141073594102,0.6761362215359354
full_batch,12,0.029103199995006435,0.6396880438162986,0.6690013778804813
full_batch,13,0.030985399993369356,0.6326117248786777,0.6626444754934708
full_batch,14,0.03340459999162704,0.6262492955080894,0.6569500837894987
full_batch,15,0.03582549998827744,0.6204926616379437,0.6518117233518829
full_batch,16,0.038406199993914925,0.6152546610732746,0.6471493960999991
full_batch,17,0.040155299997422844,0.6104641929253221,0.6428950633495182
full_batch,18,0.0422244000073988,0.6060626684113569,0.6389938451369899
full_batch,19,0.044446500003687106,0.6020013744090636,0.6353997180443884
full_batch,20,0.04668640000454616,0.5982394826439303,0.6320744454666931
full_batch,21,0.0484065000055125,0.5947425243922614,0.6289858018286645
full_batch,22,0.04982530001143459,0.5914812068599471,0.6261065765051659
full_batch,23,0.05132170001161285,0.5884304842138691,0.6234136210871716
full_batch,24,0.05265670001972467,0.5855688210473327,0.6208871575873369
full_batch,25,0.054810600020573474,0.58287760304064,0.6185101951235416
full_batch,26,0.056914200031314977,0.5803406614425141,0.6162680697220777
full_batch,27,0.058378200032166205,0.577943886419761,0.6141480655766408
full_batch,28,0.060107900033472106,0.5756749103990153,0.6121391072101358
full_batch,29,0.06145920003473293,0.5735228469729658,0.6102315057332635
full_batch,30,0.06303120004304219,0.5714780742473988,0.6084167495487485
full_batch,31,0.06439350004075095,0.5695320539925827,0.6066873305362641
full_batch,32,0.06605180003680289,0.5676771798586554,0.6050365991789105
full_batch,33,0.06743530003586784,0.5659066493754928,0.6034586432187636
full_batch,34,0.06914670004334766,0.5642143555906916,0.6019481856089307
full_batch,35,0.0705417000426678,0.5625947950789099,0.6005004983420574
full_batch,36,0.07231230004981626,0.5610429897334829,0.5991113294257306
full_batch,37,0.07382450005388819,0.5595544202643601,0.5977768408062842
full_batch,38,0.07557410006120335,0.5581249697048928,0.5964935554711667
full_batch,39,0.07712730007187929,0.556750875500878,0.5952583122953691
full_batch,40,0.07879360007063951,0.5554286889452568,0.59406822745992
full_batch,41,0.08019170006446075,0.554155240857487,0.5929206614719403
full_batch,42,0.08181310007057618,0.5529276125123435,0.5918131909692765
full_batch,43,0.08323540007404517,0.5517431109185642,0.5907435846097603
full_batch,44,0.0846516000747215,0.5505992476462684,0.5897097824365682
full_batch,45,0.08610630007751752,0.5494937205085773,0.5887098781862099
full_batch,46,0.08772280008997768,0.5484243975158831,0.5877421040713806
full_batch,47,0.0891592000843957,0.5473893026348976,0.5868048176316386
full_batch,48,0.09052710008108988,0.5463866029916056,0.5858964903025822
full_batch,49,0.09192820008320268,0.5454145972512168,0.5850156974089699
full_batch,50,0.09345580007357057,0.5444717049851022,0.5841611093380621
full_batch,51,0.09499410007265396,0.5435564568933258,0.5833314836951426
full_batch,52,0.096604600068531,0.5426674857928664,0.5825256582827025
full_batch,53,0.0983955000701826,0.5418035183086737,0.5817425447777386
full_batch,54,0.10061770006723236,0.5409633672206482,0.5809811230081695
full_batch,55,0.10220400006801356,0.5401459244278431,0.5802404357501189
full_batch,56,0.10365360006107949,0.5393501544945069,0.5795195839836181
full_batch,57,0.10508760005177464,0.5385750887432356,0.5788177225561117
full_batch,58,0.1064297000557417,0.5378198198600497,0.5781340562118951
full_batch,59,0.10780990005878266,0.537083496975587,0.5774678359520983
full_batch,60,0.1096812000614591,0.5363653211863743,0.5768183556946791
full_batch,61,0.1110848000535043,0.5356645414804897,0.5761849492075818
full_batch,62,0.11239730005036108,0.5349804510328926,0.5755669872911404
full_batch,63,0.1137424000480678,0.534312383837192,0.574963875188175
full_batch,64,0.11503600004652981,0.5336597116425241,0.5743750502022369
full_batch,65,0.11635660004685633,0.5330218411663492,0.5737999795061938
full_batch,66,0.11762980003550183,0.5323982115562845,0.5732381581249002
full_batch,67,0.11892650004301686,0.5317882920763947,0.5726891070770906
full_batch,68,0.12028780003311113,0.5311915799956451,0.5721523716629112
full_batch,69,0.12166340003022924,0.5306075986583958,0.571627519884674
full_batch,70,0.12298580002970994,0.530035895718845,0.5711141409894883
full_batch,71,0.12431990003096871,0.5294760415232156,0.5706118441234151
full_batch,72,0.12558650004211813,0.5289276276251891,0.5701202570876885
full_batch,73,0.12681420003355015,0.5283902654216435,0.5696390251883857
full_batch,74,0.12812490003125276,0.5278635848971431,0.5691678101716812
full_batch,75,0.12936440003977623,0.5273472334668704,0.5687062892375175
full_batch,76,0.13079640004434623,0.5268408749087984,0.5682541541251588
full_batch,77,0.13225600004079752,0.5263441883768823,0.5678111102646687
full_batch,78,0.13421530002960935,0.5258568674879217,0.5673768759888886
full_batch,79,0.1358757000270998,0.5253786194755112,0.5669511818009614
full_batch,80,0.1373398000287125,0.5249091644051823,0.5665337696928892
full_batch,81,0.13874830002896488,0.5244482344454409,0.566124392511011
full_batch,82,0.1400852000224404,0.5239955731899371,0.5657228133646434
full_batch,83,0.14169070002390072,0.5235509350264814,0.5653288050744597
full_batch,84,0.1433328000275651,0.5231140845490374,0.5649421496574784
full_batch,85,0.14475540003331844,0.5226847960091948,0.5645626378458057
full_batch,86,0.14618310003424995,0.5222628528039626,0.5641900686365248
full_batch,87,0.14764540003670845,0.5218480469970114,0.563824248870343
full_batch,88,0.14914500003214926,0.5214401788707647,0.5634649928368223
full_batch,89,0.15051560003485065,0.5210390565069694,0.5631121219041939
full_batch,90,0.1519673000293551,0.5206444953935935,0.5627654641719332
full_batch,91,0.1532870000373805,0.5202563180560827,0.5624248541444224
full_batch,92,0.15467320004245266,0.5198743537111831,0.56209013242417
full_batch,93,0.15594840004632715,0.519498437941688,0.5617611454231805
full_batch,94,0.1573449000425171,0.5191284123906078,0.5614377450911844
full_batch,95,0.15874610004539136,0.5187641244733836,0.5611197886595485
full_batch,96,0.16004850005265325,0.5184054271068838,0.5608071383997746
full_batch,97,0.16127650006092153,0.5180521784540196,0.5604996613955877
full_batch,98,0.16281850005907472,0.5177042416829127,0.5601972293276953
full_batch,99,0.16423680004663765,0.5173614847396321,0.5598997182703669
full_batch,100,0.16575290005130228,0.517023780133591,0.5596070084990548
full_batch,101,0.16758640004263725,0.5166910047347719,0.5593189843083329
full_batch,102,0.1690659000450978,0.5163630395820014,0.5590355338394919
full_batch,103,0.17042980004043784,0.5160397697015657,0.55875654891717
full_batch,104,0.17171910003526136,0.5157210839355023,0.5584819248944566
full_batch,105,0.17293680003785994,0.5154068747789591,0.5582115605059377
full_batch,106,0.1743397000391269,0.5150970382260495,0.5579453577281959
full_batch,107,0.17561330004537012,0.5147914736236827,0.5576832216473164
full_batch,108,0.17695450005703606,0.5144900835328738,0.5574250603329721
full_batch,109,0.17812940005387645,0.5141927735970867,0.5571707847187035
full_batch,110,0.17943800005014054,0.513899452417182,0.556920308488028
full_batch,111,0.1806639000424184,0.5136100314325804,0.5566735479660405
full_batch,112,0.1819723000517115,0.5133244248082739,0.5564304220161921
full_batch,113,0.18334840003808495,0.5130425493273445,0.5561908519419526
full_batch,114,0.18508720003592316,0.5127643242886736,0.5559547613930828
full_batch,115,0.18632310004613828,0.5124896714095406,0.5557220762762624
full_batch,116,0.18755420003435574,0.5122185147328413,0.5554927246698336
full_batch,117,0.1888312000373844,0.5119507805386582,0.555266636742436
full_batch,118,0.19004340004175901,0.5116863972599471,0.5550437446753252
full_batch,119,0.19132010004250333,0.5114252954021119,0.5548239825881789
full_batch,120,0.1925489000423113,0.5111674074662506,0.5546072864682051
full_batch,121,0.1937333000387298,0.5109126678758817,0.5543935941023812
full_batch,122,0.19500590003735851,0.5106610129069571,0.5541828450126622
full_batch,123,0.1962366000370821,0.5104123806209916,0.5539749803940047
full_batch,124,0.19749090004188474,0.5101667108011417,0.5537699430550643
full_batch,125,0.19869220005057286,0.5099239448910821,0.5535676773614322
full_batch,126,0.20044820004841313,0.5096840259365321,0.5533681291812818
full_batch,127,0.20172900005127303,0.509446898529299,0.5531712458333098
full_batch,128,0.2031280000519473,0.5092125087537087,0.5529769760368554
full_batch,129,0.20432730004540645,0.5089808041353014,0.5527852698640926
full_batch,130,0.2057932000461733,0.5087517335916822,0.5525960786941967
full_batch,131,0.20728150005743373,0.5085252473854175,0.5524093551693887
full_batch,132,0.20894900006533135,0.5083012970788761,0.5522250531527668
full_batch,133,0.21027180006785784,0.5080798354909222,0.5520431276878455
full_batch,134,0.21161670007859357,0.5078608166553668,0.5518635349597147
full_batch,135,0.21282490006706212,0.5076441957810973,0.5516862322577514
full_batch,136,0.21412550006061792,0.5074299292138017,0.5515111779398043
full_batch,137,0.21537890007311944,0.5072179743992135,0.55133833139779
full_batch,138,0.2169009000645019,0.5070082898478052,0.5511676530246322
full_batch,139,0.2182068000547588,0.5068008351008645,0.5509991041824849
full_batch,140,0.21955800005525816,0.5065955706978859,0.5508326471721806
full_batch,141,0.22091640005237423,0.5063924581452212,0.55066824520385
full_batch,142,0.22217890006140806,0.5061914598859282,0.5505058623686593
full_batch,143,0.22359210006834473,0.5059925392707658,0.5503454636116174
full_batch,144,0.22495220007840544,0.5057956605302827,0.5501870147054051
full_batch,145,0.22625860008702148,0.5056007887479504,0.5500304822251808
full_batch,146,0.22755620008683763,0.505407889834297,0.5498758335243225
full_batch,147,0.22895900008734316,0.5052169305019937,0.5497230367110633
full_batch,148,0.23024330008774996,0.5050278782418564,0.549572060625984
full_batch,149,0.23155270007555373,0.5048407012997206,0.5494228748203247
full_batch,150,0.23281870008213446,0.5046553686541518,0.5492754495350819
full_batch,151,0.23406450009497348,0.5044718499949574,0.5491297556808568
full_batch,152,0.2354842000931967,0.5042901157024636,0.5489857648184243
full_batch,153,0.2367349000851391,0.5041101368275278,0.5488434491399927
full_batch,154,0.23799950009561144,0.5039318850722547,0.5487027814511237
full_batch,155,0.23932750009407755,0.503755332771385,0.5485637351532884
full_batch,156,0.24081270009628497,0.5035804528743315,0.5484262842270301
full_batch,157,0.2426014000957366,0.5034072189278356,0.5482904032157122
full_batch,158,0.24394490009581205,0.503235605059217,0.5481560672098249
full_batch,159,0.24524340010248125,0.503065585960195,0.5480232518318292
full_batch,160,0.2470964001113316,0.5028971368712575,0.5478919332215176
full_batch,161,0.2488049001112813,0.5027302335665543,0.5477620880218693
full_batch,162,0.25060370011487976,0.5025648523392973,0.5476336933653805
full_batch,163,0.2519872001139447,0.5024009699876439,0.5475067268608527
full_batch,164,0.2533446001179982,0.5022385638010473,0.547381166580619
full_batch,165,0.2546166001120582,0.5020776115470539,0.5472569910481923
full_batch,166,0.2559693001094274,0.5019180914585323,0.5471341792263191
full_batch,167,0.257557000106317,0.5017599822213146,0.5470127105054228
full_batch,168,0.2592340000992408,0.501603262962237,0.5468925646924213
full_batch,169,0.26067990010778885,0.5014479132375631,0.5467737219999065
full_batch,170,0.2621134001092287,0.501293913021775,0.5466561630356683
full_batch,171,0.26359750010306016,0.5011412426967199,0.5465398687925547
full_batch,172,0.2659367001033388,0.5009898830410984,0.5464248206386504
full_batch,173,0.2675683000998106,0.5008398152202796,0.5463110003077671
full_batch,174,0.26891560009971727,0.5006910207764356,0.5461983898902296
full_batch,175,0.2703411000984488,0.5005434816189792,0.5460869718239484
full_batch,176,0.27193940010329243,0.5003971800152957,0.5459767288857693
full_batch,177,0.2732781000959221,0.5002520985817583,0.5458676441830891
full_batch,178,0.2746410000981996,0.5001082202750177,0.5457597011457255
full_batch,179,0.27591120009310544,0.49996552838355207,0.5456528835180368
full_batch,180,0.27719370007980615,0.4998240065194743,0.545547175351277
full_batch,181,0.27843180009222124,0.4996836386105819,0.5454425609961824
full_batch,182,0.2796639000880532,0.4995444088926442,0.5453390250957784
full_batch,183,0.28091180008777883,0.4994063019019171,0.5452365525783998
full_batch,184,0.28239330007636454,0.4992693024678791,0.5451351286509183
full_batch,185,0.2837574000732275,0.49913339570617776,0.5450347387921666
full_batch,186,0.2850516000762582,0.4989985670117834,0.5449353687465562
full_batch,187,0.28626820008503273,0.49886480205233963,0.5448370045178794
full_batch,188,0.28748930008441675,0.49873208676170616,0.5447396323632899
full_batch,189,0.2887105000845622,0.49860040733368577,0.544643238787457
full_batch,190,0.2899513000884326,0.4984697502159303,0.5445478105368847
full_batch,191,0.2911855000857031,0.4983401021040201,0.5444533345943939
full_batch,192,0.2924830000847578,0.4982114499357085,0.5443597981737583
full_batch,193,0.2937469000899,0.4980837808853301,0.5442671887144925
full_batch,194,0.2950023000885267,0.49795708235836333,0.544175493876783
full_batch,195,0.29630070009443443,0.4978313419861449,0.5440847015365623
full_batch,196,0.2975534001016058,0.49770654762073024,0.5439947997807169
full_batch,197,0.2989086001034593,0.49758268732989447,0.5439057769024274
full_batch,198,0.30017090009641834,0.49745974939227117,0.5438176213966356
full_batch,199,0.3014430000912398,0.49733772229262313,0.5437303219556345
full_batch,200,0.3028408000973286,0.4972165947172407,0.5436438674647771
full_batch,201,0.30414040009782184,0.4970963555494652,0.5435582469983
full_batch,202,0.30554560010205023,0.49697699386533123,0.5434734498152589
full_batch,203,0.3069349001016235,0.49685849892932643,0.5433894653555721
full_batch,204,0.3085228001145879,0.4967408601902632,0.5433062832361668
full_batch,205,0.31029630011471454,0.4966240672772599,0.5432238932472292
full_batch,206,0.3117867001128616,0.4965081099958281,0.5431422853485497
full_batch,207,0.313069800104131,0.4963929783240612,0.5430614496659651
full_batch,208,0.31449220010836143,0.4962786624089242,0.5429813764878915
full_batch,209,0.315854900109116,0.49616515256263816,0.5429020562619463
full_batch,210,0.31738570010929834,0.496052439259159,0.5428234795916578
full_batch,211,0.3187882001075195,0.49594051313074655,0.5427456372332561
full_batch,212,0.3201866001036251,0.49582936496462177,0.542668520092548
full_batch,213,0.32154080011241604,0.495718985699708,0.5425921192218678
full_batch,214,0.32289230011519976,0.4956093664234571,0.5425164258171067
full_batch,215,0.32418340010917746,0.4955004983687532,0.5424414312148146
full_batch,216,0.3255244001047686,0.4953923729108959,0.5423671268893739
full_batch,217,0.32680060010170564,0.495284981564659,0.5422935044502448
full_batch,218,0.3281180000922177,0.4951783159814214,0.5422205556392747
full_batch,219,0.32952310009568464,0.49507236794637066,0.5421482723280768
full_batch,220,0.330832200095756,0.4949671293757743,0.5420766465154702
full_batch,221,0.33205900009488687,0.494862592314319,0.5420056703249824
full_batch,222,0.3334328000928508,0.4947587489325151,0.5419353360024118
full_batch,223,0.3348166000942001,0.49465559152416333,0.5418656359134498
full_batch,224,0.33616650009935256,0.494553112503885,0.5417965625413561
full_batch,225,0.33743680009501986,0.4944513044047093,0.5417281084846934
full_batch,226,0.3388137000874849,0.49435015987572095,0.5416602664551123
full_batch,227,0.3401225000852719,0.49424967167976325,0.5415930292751899
full_batch,228,0.34145020008145366,0.49414983269119606,0.5415263898763176
full_batch,229,0.34269180009141564,0.49405063589370707,0.5414603412966392
full_batch,230,0.3439884000981692,0.4939520743781749,0.5413948766790362
full_batch,231,0.34525850010686554,0.49385414134058264,0.5413299892691592
full_batch,232,0.3465712001052452,0.49375683007998084,0.5412656724135047
full_batch,233,0.34818810009164736,0.4936601339964966,0.5412019195575359
full_batch,234,0.3495943000889383,0.4935640465893916,0.541138724243846
full_batch,235,0.3508777000824921,0.4934685614551621,0.5410760801103628
full_batch,236,0.3523340000829194,0.4933736722856855,0.5410139808885945
full_batch,237,0.3537253000831697,0.493279372866408,0.5409524204019135
full_batch,238,0.3550419000821421,0.4931856570745744,0.5408913925638799
full_batch,239,0.3565440000820672,0.49309251887749805,0.5408308913766007
full_batch,240,0.35805230008554645,0.49299995233087046,0.5407709109291269
full_batch,241,0.35936790009145625,0.49290795157710854,0.5407114453958848
full_batch,242,0.3606229000870371,0.49281651084374023,0.5406524890351416
full_batch,243,0.3618803001008928,0.49272562444182477,0.5405940361875051
full_batch,244,0.36324400010926183,0.4926352867644104,0.5405360812744554
full_batch,245,0.36452710010053124,0.4925454922850246,0.540478618796909
full_batch,246,0.3657412001048215,0.4924562355561987,0.5404216433338128
full_batch,247,0.36698380010784604,0.4923675112080254,0.5403651495407695
full_batch,248,0.3682748001010623,0.49227931394674723,0.5403091321486917
full_batch,249,0.3695181000948651,0.4921916385533767,0.5402535859624839
full_batch,250,0.37074240008951165,0.49210447988234657,0.5401985058597538
full_batch,251,0.37196660008339677,0.49201783286018924,0.5401438867895499
full_batch,252,0.3731914000818506,0.4919316924842449,0.540089723771126
full_batch,253,0.3744076000730274,0.4918460538213977,0.5400360118927305
full_batch,254,0.3756982000777498,0.49176091200683925,0.539982746310423
full_batch,255,0.3769351000810275,0.49167626224285843,0.5399299222469134
full_batch,256,0.37818600007449277,0.49159209979765717,0.5398775349904257
full_batch,257,0.3794525000703288,0.4915084200041916,0.5398255798935854
full_batch,258,0.3806521000660723,0.4914252182590374,0.53977405237233
full_batch,259,0.3820635000738548,0.49134249002128005,0.5397229479048403
full_batch,260,0.3832855000800919,0.49126023081142706,0.5396722620304956
full_batch,261,0.38446820007811766,0.49117843621034424,0.5396219903488475
full_batch,262,0.38561960008519236,0.4910971018582144,0.5395721285186169
full_batch,263,0.3867958000919316,0.49101622345351603,0.5395226722567097
full_batch,264,0.38796920009190217,0.490935796752025,0.539473617337252
full_batch,265,0.38935440008935984,0.49085581756583657,0.5394249595906456
full_batch,266,0.3906679000938311,0.49077628176240673,0.5393766949026421
full_batch,267,0.3920005000982201,0.490697185263614,0.5393288192134333
full_batch,268,0.39336340010049753,0.4906185240448403,0.5392813285167636
full_batch,269,0.39458040009776596,0.4905402941340705,0.5392342188590552
full_batch,270,0.39584450010443106,0.4904624916110103,0.5391874863385537
full_batch,271,0.39727540011517704,0.4903851126062218,0.5391411271044897
full_batch,272,0.3986451001110254,0.490308153300277,0.5390951373562549
full_batch,273,0.39998430012201425,0.490231609922928,0.5390495133425971
full_batch,274,0.401308700122172,0.4901554787522937,0.5390042513608281
full_batch,275,0.402806800120743,0.49007975611406324,0.5389593477560479
full_batch,276,0.4041064001212362,0.4900044383807144,0.5389147989203845
full_batch,277,0.40537120011867955,0.4899295219707493,0.5388706012922468
full_batch,278,0.406677900115028,0.4898550033479427,0.5388267513555925
full_batch,279,0.4079663001175504,0.48978087902060735,0.5387832456392099
full_batch,280,0.4091725001198938,0.48970714554087275,0.5387400807160125
full_batch,281,0.4105559001181973,0.4896337995039777,0.5386972532023483
full_batch,282,0.4119240001164144,0.4895608375475781,0.5386547597573204
full_batch,283,0.413193700107513,0.48948825635106585,0.5386125970821217
full_batch,284,0.41441360011231154,0.4894160526349037,0.538570761919381
full_batch,285,0.41563840011076536,0.48934422315997106,0.5385292510525221
full_batch,286,0.4168818001053296,0.4892727647269225,0.5384880613051335
full_batch,287,0.4181335001048865,0.4892016741755598,0.5384471895403509
full_batch,288,0.41941860009683296,0.4891309483842148,0.5384066326602509
full_batch,289,0.42066210009215865,0.48906058426914434,0.5383663876052555
full_batch,290,0.42190370010212064,0.48899057878393726,0.5383264513535468
full_batch,291,0.4231156001042109,0.48892092891893146,0.5382868209204942
full_batch,292,0.42428590010968037,0.4888516317006436,0.5382474933580895
full_batch,293,0.4254650001093978,0.4887826841912077,0.5382084657543951
full_batch,294,0.426691000116989,0.48871408348782575,0.5381697352329988
full_batch,295,0.4278785001079086,0.48864582672222756,0.5381312989524822
full_batch,296,0.42914020011085086,0.4885779110601421,0.5380931541058949
full_batch,297,0.43045950010127854,0.4885103337007764,0.5380552979202404
full_batch,298,0.43172240011335816,0.4884430918763063,0.538017727655971
full_batch,299,0.43330400010745507,0.48837618285137535,0.5379804406064904
full_batch,300,0.43460840011539403,0.4883096039226037,0.5379434340976663
full_batch,301,0.43584860011469573,0.4882433524181049,0.537906705487351
full_batch,302,0.43716920011502225,0.4881774256970127,0.5378702521649109
full_batch,303,0.4384163001232082,0.48811182114901586,0.5378340715507635
full_batch,304,0.43967660013004206,0.4880465361939017,0.537798161095923
full_batch,305,0.4409060001344187,0.4879815682811074,0.5377625182815539
full_batch,306,0.44211410013667773,0.4879169148892803,0.537727140618532
full_batch,307,0.44340650012600236,0.4878525735258449,0.5376920256470132
full_batch,308,0.44468540012894664,0.4877885417265789,0.5376571709360097
full_batch,309,0.44598130011581816,0.48772481705519605,0.5376225740829732
full_batch,310,0.4472469001193531,0.48766139710293666,0.5375882327133863
full_batch,311,0.44849780011281837,0.48759827948816475,0.5375541444803589
full_batch,312,0.4502035001205513,0.48753546185597435,0.5375203070642337
full_batch,313,0.45161060012469534,0.48747294187779977,0.537486718172197
full_batch,314,0.4533437001373386,0.4874107172510353,0.5374533755378962
full_batch,315,0.45486400013032835,0.48734878569866036,0.537420276921065
full_batch,316,0.45612910013005603,0.48728714496887154,0.5373874201071526
full_batch,317,0.45737880012893584,0.4872257928347203,0.5373548029069614
full_batch,318,0.4586187001259532,0.4871647270937593,0.5373224231562893
full_batch,319,0.4599113001313526,0.48710394556769127,0.5372902787155794
full_batch,320,0.46114250013488345,0.48704344610202704,0.5372583674695737
full_batch,321,0.4624273001390975,0.48698322656574816,0.5372266873269737
full_batch,322,0.4636467001400888,0.48692328485097575,0.5371952362201067
full_batch,323,0.46483390014327597,0.48686361887264396,0.5371640121045975
full_batch,324,0.4661896001343848,0.48680422656818056,0.5371330129590446
full_batch,325,0.4674197001440916,0.4867451058971922,0.5371022367847031
full_batch,326,0.46868720014754217,0.4866862548411548,0.5370716816051718
full_batch,327,0.4699151001404971,0.4866276714031094,0.5370413454660858
full_batch,328,0.4711265001387801,0.4865693536073636,0.5370112264348147
full_batch,329,0.47235340013867244,0.4865112994991971,0.5369813226001637
full_batch,330,0.4735855001345044,0.48645350714457325,0.5369516320720821
full_batch,331,0.47487750013533514,0.4863959746298548,0.5369221529813747
full_batch,332,0.47620030013786163,0.4863387000615237,0.5368928834794187
full_batch,333,0.47742510013631545,0.4862816815659075,0.5368638217378848
full_batch,334,0.4786261001281673,0.4862249172889086,0.5368349659484631
full_batch,335,0.4799032001319574,0.4861684053957384,0.5368063143225927
full_batch,336,0.4811199001414934,0.4861121440706564,0.5367778650911963
full_batch,337,0.4822962001489941,0.48605613151671234,0.536749616504419
full_batch,338,0.48357190015667584,0.4860003659554947,0.5367215668313704
full_batch,339,0.48479560016130563,0.48594484562688073,0.536693714359872
full_batch,340,0.4861940001574112,0.4858895687887927,0.5366660573962079
full_batch,341,0.48755610015359707,0.48583453371695673,0.5366385942648789
full_batch,342,0.4888213001540862,0.48577973870466634,0.5366113233083619
full_batch,343,0.4900489001593087,0.48572518206254955,0.5365842428868718
full_batch,344,0.49127830016368534,0.4856708621183396,0.536557351378127
full_batch,345,0.49256470016553067,0.4856167772166497,0.5365306471771203
full_batch,346,0.49376740017032716,0.4855629257187507,0.536504128695891
full_batch,347,0.49496930016903207,0.48550930600235365,0.5364777943633025
full_batch,348,0.49622630016529,0.48545591646139413,0.5364516426248215
full_batch,349,0.49759180017281324,0.48540275550582157,0.536425671942303
full_batch,350,0.49881660017126705,0.48534982156139034,0.5363998807937758
full_batch,351,0.5000645001709927,0.4852971130694561,0.5363742676732337
full_batch,352,0.5014088001771597,0.4852446284867737,0.5363488310904285
full_batch,353,0.5025985001702793,0.4851923662852983,0.5363235695706664
full_batch,354,0.5038269001670415,0.4851403249519917,0.536298481654608
full_batch,355,0.5050907001714222,0.48508850298862843,0.5362735658980707
full_batch,356,0.5063325001683552,0.4850368989116074,0.5362488208718347
full_batch,357,0.5075902001699433,0.4849855112517662,0.5362242451614511
full_batch,358,0.5091687001695391,0.4849343385541965,0.5361998373670538
full_batch,359,0.5104275001795031,0.48488337937806464,0.5361755961031738
full_batch,360,0.5116762001707684,0.48483263229643353,0.5361515199985563
full_batch,361,0.5133433001756202,0.4847820958960876,0.5361276076959802
full_batch,362,0.5146501001727302,0.48473176877736057,0.5361038578520814
full_batch,363,0.5158520001714351,0.4846816495539658,0.536080269137177
full_batch,364,0.5170530001778388,0.48463173685282934,0.5360568402350939
full_batch,365,0.5182959001685958,0.48458202931392513,0.5360335698429989
full_batch,366,0.5195861001557205,0.4845325255901135,0.536010456671231
full_batch,367,0.5208108001534129,0.48448322434698127,0.5359874994431378
full_batch,368,0.5219935001514386,0.48443412426268445,0.5359646968949123
full_batch,369,0.523225700148032,0.4843852240277937,0.5359420477754331
full_batch,370,0.5244317001488525,0.48433652234514196,0.5359195508461075
full_batch,371,0.5256565001618583,0.48428801792967413,0.5358972048807157
full_batch,372,0.5273570001590997,0.4842397095082992,0.5358750086652576
full_batch,373,0.5287857001530938,0.48419159581974436,0.5358529609978031
full_batch,374,0.5301945001556305,0.4841436756144119,0.5358310606883423
full_batch,375,0.5314701001479989,0.4840959476542374,0.5358093065586397
full_batch,376,0.5327911001513712,0.48404841071255045,0.5357876974420902
full_batch,377,0.5340461001469521,0.48400106357393746,0.5357662321835762
full_batch,378,0.5352672001463361,0.4839539050341066,0.535744909639328
full_batch,379,0.5366301001486136,0.4839069338997545,0.5357237286767852
full_batch,380,0.5378901001386112,0.48386014898843416,0.535702688174461
full_batch,381,0.5391058001405327,0.483813549128427,0.5356817870218075
full_batch,382,0.540308900148375,0.48376713315861386,0.5356610241190838
full_batch,383,0.5417800001450814,0.48372089992835066,0.5356403983772254
full_batch,384,0.5430042001389666,0.48367484829734375,0.5356199087177155
full_batch,385,0.5443203001341317,0.48362897713552794,0.5355995540724584
full_batch,386,0.5455590001365636,0.4835832853229465,0.5355793333836546
full_batch,387,0.5468038001272362,0.4835377717496325,0.5355592456036773
full_batch,388,0.5480677001178265,0.4834924353154919,0.5355392896949516
full_batch,389,0.5493673001183197,0.48344727493018874,0.5355194646298338
full_batch,390,0.5505800001265015,0.4834022895130307,0.5354997693904943
full_batch,391,0.551813100129948,0.4833574779928584,0.5354802029688003
full_batch,392,0.55313710012706,0.4833128393079339,0.5354607643662018
full_batch,393,0.5543595001217909,0.4832683724058331,0.5354414525936179
full_batch,394,0.5556674001127249,0.48322407624333746,0.5354222666713254
full_batch,395,0.5569246001105057,0.48317994978632894,0.5354032056288486
full_batch,396,0.5595916001038859,0.48313599200968554,0.5353842685048507
full_batch,397,0.5610141000943258,0.48309220189717866,0.5353654543470272
full_batch,398,0.5623367000953294,0.4830485784413717,0.535346762212
full_batch,399,0.563787100094487,0.4830051206435201,0.535328191165213
full_batch,400,0.565080700092949,0.48296182751347255,0.5353097402808303
full_batch,401,0.56636460009031,0.48291869806957505,0.5352914086416342
full_batch,402,0.5676552000950323,0.4828757313385732,0.5352731953389253
full_batch,403,0.5689244000968756,0.48283292635551944,0.5352550994724246
full_batch,404,0.57014030010032,0.48279028216367886,0.5352371201501755
full_batch,405,0.5714017001009779,0.48274779781443755,0.5352192564884493
full_batch,406,0.5725828001013724,0.48270547236721223,0.5352015076116489
full_batch,407,0.5739889000979019,0.4826633048893606,0.5351838726522169
full_batch,408,0.5754190001025563,0.4826212944560932,0.5351663507505432
full_batch,409,0.5769615001045167,0.4825794401503864,0.5351489410548743
full_batch,410,0.5782693001092412,0.48253774106289676,0.5351316427212234
full_batch,411,0.579769800111535,0.48249619629187607,0.5351144549132827
full_batch,412,0.5810423001239542,0.48245480494308834,0.5350973768023359
full_batch,413,0.5823594001267338,0.4824135661297272,0.5350804075671728
full_batch,414,0.5836003001313657,0.4823724789723342,0.5350635463940032
full_batch,415,0.5848385001445422,0.4823315425987199,0.535046792476375
full_batch,416,0.5863587001513224,0.48229075614388317,0.5350301450150902
full_batch,417,0.5876808001485188,0.48225011874993445,0.5350136032181244
full_batch,418,0.5889152001473121,0.48220962956601787,0.5349971663005461
full_batch,419,0.590196200137143,0.48216928774823614,0.5349808334844371
full_batch,420,0.591421700140927,0.4821290924595747,0.534964603998815
full_batch,421,0.5926346001360798,0.4820890428698284,0.5349484770795553
full_batch,422,0.5938336001418065,0.48204913815552847,0.534932451969316
full_batch,423,0.5950349001359427,0.48200937749986966,0.5349165279174616
full_batch,424,0.5963102001405787,0.4819697600926404,0.5349007041799895
full_batch,425,0.5980821001430741,0.4819302851301519,0.5348849800194567
full_batch,426,0.5994579001417151,0.4818909518151687,0.5348693547049075
full_batch,427,0.6009287001361372,0.48185175935684116,0.5348538275118023
full_batch,428,0.6022478001395939,0.4818127069706373,0.5348383977219474
full_batch,429,0.6039713001373457,0.48177379387827635,0.5348230646234252
full_batch,430,0.6057334001379786,0.4817350193076633,0.5348078275105261
full_batch,431,0.6074074001371628,0.481696382492824,0.5347926856836808
full_batch,432,0.6088036001310684,0.48165788267384063,0.5347776384493933
full_batch,433,0.6100534001307096,0.4816195190967892,0.5347626851201757
full_batch,434,0.6113372001418611,0.48158129101367697,0.5347478250144824
full_batch,435,0.6126238001452293,0.48154319768238035,0.5347330574566468
full_batch,436,0.6140412001404911,0.4815052383665849,0.5347183817768171
full_batch,437,0.6154923001449788,0.48146741233572443,0.5347037973108946
full_batch,438,0.6169636001432082,0.4814297188649225,0.5346893034004715
full_batch,439,0.6184664001339115,0.48139215723493345,0.5346748993927705
full_batch,440,0.6198319001414347,0.4813547267320848,0.5346605846405842
full_batch,441,0.6211755001422716,0.48131742664822014,0.5346463585022163
full_batch,442,0.6224551001505461,0.4812802562806428,0.5346322203414227
full_batch,443,0.6237938001577277,0.48124321493206024,0.5346181695273535
full_batch,444,0.6251532001479063,0.48120630191052904,0.534604205434497
full_batch,445,0.6264191001537256,0.4811695165294009,0.5345903274426222
full_batch,446,0.6277989001537208,0.4811328581072686,0.5345765349367239
full_batch,447,0.6293520001490833,0.4810963259679137,0.5345628273069675
full_batch,448,0.6307201001473004,0.4810599194402541,0.5345492039486349
full_batch,449,0.6321603001415497,0.48102363785829194,0.5345356642620718
full_batch,450,0.633628300143755,0.48098748056106333,0.5345222076526334
full_batch,451,0.6351754001370864,0.48095144689258773,0.5345088335306338
full_batch,452,0.6365429001307348,0.4809155362018182,0.5344955413112936
full_batch,453,0.6379168001294602,0.4808797478425925,0.5344823304146896
full_batch,454,0.6391719001258025,0.4808440811735843,0.5344692002657045
full_batch,455,0.6405003001273144,0.4808085355582552,0.5344561502939777
full_batch,456,0.6417641001171432,0.4807731103648081,0.5344431799338559
full_batch,457,0.6430260001216084,0.48073780496613966,0.5344302886243452
full_batch,458,0.6443337001255713,0.4807026187397946,0.5344174758090635
full_batch,459,0.6456177001236938,0.4806675510679196,0.5344047409361938
full_batch,460,0.6469062001269776,0.480632601337219,0.5343920834584371
full_batch,461,0.6481725001212908,0.48059776893890943,0.5343795028329671
full_batch,462,0.6493798001174582,0.48056305326867627,0.5343669985213847
full_batch,463,0.6506047001166735,0.48052845372663044,0.5343545699896737
full_batch,464,0.651910100117675,0.4804939697172645,0.5343422167081564
full_batch,465,0.6531766001135111,0.48045960064941146,0.5343299381514501
full_batch,466,0.6544008001073962,0.4804253459362019,0.5343177337984241
full_batch,467,0.6556478001148207,0.4803912049950227,0.5343056031321577
full_batch,468,0.6568605001230026,0.4803571772474769,0.5342935456398974
full_batch,469,0.6580674001161242,0.48032326211934195,0.5342815608130169
full_batch,470,0.6592969001212623,0.48028945904053066,0.5342696481469746
full_batch,471,0.6605606001248816,0.48025576744505155,0.5342578071412749
full_batch,472,0.6619213001249591,0.4802221867709696,0.5342460372994273
full_batch,473,0.663207600126043,0.48018871646036754,0.5342343381289073
full_batch,474,0.6644313001306728,0.4801553559593083,0.5342227091411181
full_batch,475,0.6656292001280235,0.48012210471779665,0.5342111498513519
full_batch,476,0.6668523001280846,0.48008896218974234,0.5341996597787518
full_batch,477,0.6680316001293249,0.4800559278329234,0.5341882384462749
full_batch,478,0.6693206001218641,0.4800230011089492,0.5341768853806558
full_batch,479,0.6704772001103265,0.4799901814832251,0.5341656001123688
full_batch,480,0.6717940001108218,0.4799574684249163,0.5341543821755933
full_batch,481,0.6730092001089361,0.4799248614069135,0.5341432311081777
full_batch,482,0.6742290001129732,0.47989235990579726,0.5341321464516047
full_batch,483,0.6754695001145592,0.4798599634018043,0.5341211277509562
full_batch,484,0.6766331001126673,0.47982767137879295,0.5341101745548795
full_batch,485,0.6777789001062047,0.4797954833242107,0.5340992864155535
full_batch,486,0.6789230001159012,0.4797633987290595,0.5340884628886552
full_batch,487,0.6800792001158698,0.479731417087864,0.5340777035333272
full_batch,488,0.6812330001121154,0.47969953789863906,0.5340670079121446
full_batch,489,0.6824060001090402,0.4796677606628573,0.5340563755910837
full_batch,490,0.6835811001074035,0.4796360848854177,0.5340458061394895
full_batch,491,0.6847738001088146,0.47960451007461374,0.5340352991300453
full_batch,492,0.6859506001055706,0.4795730357421034,0.5340248541387413
full_batch,493,0.6871030001057079,0.4795416614028775,0.534014470744844
full_batch,494,0.6882316000992432,0.4795103865752299,0.5340041485308664
full_batch,495,0.6894139000942232,0.47947921078072747,0.5339938870825383
full_batch,496,0.6905564000917366,0.4794481335441805,0.5339836859887763
full_batch,497,0.6917184000922134,0.47941715439361315,0.5339735448416563
full_batch,498,0.6930695000919513,0.479386272860235,0.533963463236383
full_batch,499,0.6943920000921935,0.47935548847841164,0.5339534407712629
full_batch,500,0.6956338000891265,0.4793248007856373,0.5339434770476764
mini_batch,1,0.005528299996512942,0.638374539509905,0.6759350072124871
mini_batch,2,0.008383999986108392,0.5809596021080209,0.6212052555619674
mini_batch,3,0.011281099999905564,0.5582407874055304,0.6019266310075994
mini_batch,4,0.014060300003620796,0.5431371238486491,0.5838241938144393
mini_batch,5,0.0168726000119932,0.5342520360677223,0.5729884972838989
mini_batch,6,0.019665300016640685,0.5261687867087989,0.5716955368098406
mini_batch,7,0.022493600015877746,0.5223902189887579,0.5711016401737642
mini_batch,8,0.02531840001756791,0.516689119547511,0.5611370257373248
mini_batch,9,0.028130800012149848,0.5125082165143198,0.5533487129756026
mini_batch,10,0.030926500010536984,0.5090287177387066,0.5524305287484228
mini_batch,11,0.03373910000664182,0.5067325332770878,0.5493715208267391
mini_batch,12,0.03659430000698194,0.5051719190381507,0.5530237024508315
mini_batch,13,0.03941029999987222,0.5015411787054685,0.5477170331070392
mini_batch,14,0.04222479999589268,0.5056874139004813,0.5411859930978234
mini_batch,15,0.045077199989464134,0.49956154284410964,0.5468528146169582
mini_batch,16,0.04792439998709597,0.4969334713500949,0.5463940041878456
mini_batch,17,0.05090429999108892,0.49582440872260153,0.5388304563580635
mini_batch,18,0.05370259999472182,0.4966873813636722,0.5469236151021524
mini_batch,19,0.056508299996494316,0.49421299509713745,0.5496370768194034
mini_batch,20,0.059318199986591935,0.4914300403721469,0.543312549311631
mini_batch,21,0.06224349999683909,0.49235555821716975,0.539745943596647
mini_batch,22,0.06507240000064485,0.49159218431911694,0.5452776923261557
mini_batch,23,0.06792319999658503,0.4907706637933936,0.5426957045681163
mini_batch,24,0.07076129999768455,0.4960068596727268,0.5427942348159771
mini_batch,25,0.07360809999227058,0.48827415197296087,0.5384700050766683
mini_batch,26,0.0768748999980744,0.48845221154960927,0.5407582043040153
mini_batch,27,0.07991319999564439,0.4875508381844291,0.5390338054351904
mini_batch,28,0.08327839999401476,0.4853591512058274,0.5398389091133002
mini_batch,29,0.08612119998724665,0.48816168418835004,0.5483351274396626
mini_batch,30,0.08896919997641817,0.4871798823782755,0.5350981276949858
mini_batch,31,0.09181149996584281,0.48647968484521925,0.5361895902409572
mini_batch,32,0.09465439995983616,0.48495120589436497,0.5431489903860816
mini_batch,33,0.09778409995487891,0.4833247489377076,0.5427991801500189
mini_batch,34,0.10128699995402712,0.4859930152766303,0.5451275286075016
mini_batch,35,0.10437919995456468,0.4809820798405519,0.5336975351101919
mini_batch,36,0.1072028999478789,0.4804287905300438,0.5347456694593398
mini_batch,37,0.11044099995342549,0.48277213546971914,0.5411471320541601
mini_batch,38,0.11328549995960202,0.48259188939078285,0.5397544562991351
mini_batch,39,0.11615159995562863,0.4823923644384686,0.5446919378511119
mini_batch,40,0.11927129996183794,0.4814641700674753,0.5351963912163658
mini_batch,41,0.12237939996703062,0.48303447051793863,0.5319746008631709
mini_batch,42,0.12577409997174982,0.47994362685085223,0.533927384517483
mini_batch,43,0.12915069996961392,0.47931384664020094,0.5387621983008686
mini_batch,44,0.1325255999690853,0.47930592994250837,0.5367993408484164
mini_batch,45,0.13558559997181874,0.478992617343569,0.5375182696283242
mini_batch,46,0.13850739996996708,0.4765802787154148,0.5352156244272258
mini_batch,47,0.1416116999607766,0.4774983075026888,0.5373987178627343
mini_batch,48,0.144604699962656,0.4823766793514849,0.5492069215451206
mini_batch,49,0.14776819995313417,0.47624002023164064,0.5329275989569132
mini_batch,50,0.15070389995526057,0.47653419106753575,0.535465460373996
mini_batch,51,0.1536283999448642,0.47754898552843145,0.5332421362484032
mini_batch,52,0.15654189995257184,0.47601062553657275,0.5343568468711989
mini_batch,53,0.15944279995164834,0.4755137410378136,0.535699685200948
mini_batch,54,0.16238149994751438,0.47672300776121795,0.535925401985534
mini_batch,55,0.16532869994989596,0.47667870101260607,0.5360182362497471
mini_batch,56,0.1682238999492256,0.47642573135866034,0.5399000007195887
mini_batch,57,0.17111809995549265,0.4763920364598762,0.5394015195904966
mini_batch,58,0.17428469995502383,0.47492191185443466,0.5342821812621416
mini_batch,59,0.17748769995523617,0.4756189337186288,0.5332404390017562
mini_batch,60,0.18093029996089172,0.47688918256670193,0.5343182673785548
mini_batch,61,0.18404599995119497,0.4753738037724346,0.5303699217055428
mini_batch,62,0.18727489994489588,0.4770779263300297,0.5421391627405812
mini_batch,63,0.19022949994541705,0.4759495195536766,0.5349538129801725
mini_batch,64,0.19322429994645063,0.4762928541861668,0.5366254929943659
mini_batch,65,0.1962711999367457,0.47349987778030994,0.532531593228069
mini_batch,66,0.19920089993684087,0.4725487292874727,0.5340754713817417
mini_batch,67,0.20212729992636014,0.4729756870687732,0.5361276580704543
mini_batch,68,0.20509769993077498,0.47625213751991496,0.5311375075572711
mini_batch,69,0.20803519993205555,0.473329965127444,0.5364906435746377
mini_batch,70,0.21096799992665183,0.47483679219943586,0.5317749780494503
mini_batch,71,0.21398039991618134,0.4730003497003843,0.5335126767904645
mini_batch,72,0.21698379990994,0.4751362951569323,0.5280713203669732
mini_batch,73,0.22028019990830217,0.4739059527366807,0.5305026689127699
mini_batch,74,0.22358629990776535,0.4739389922562451,0.5362679279970299
mini_batch,75,0.22661819990025833,0.4728847601645883,0.5367556399967173
mini_batch,76,0.2295544998924015,0.4716665177546372,0.5372145124145211
mini_batch,77,0.23268319987982977,0.4744390293026364,0.5363610849946847
mini_batch,78,0.2356910998787498,0.4720761660799569,0.5314243162211122
mini_batch,79,0.2386512998782564,0.47214956969068606,0.5333927347413389
mini_batch,80,0.24155209987657145,0.4752173480234597,0.543518821715016
mini_batch,81,0.24444849987048656,0.4708063151849332,0.5356151959055744
mini_batch,82,0.2473432998813223,0.47197773188712283,0.5318107207051819
mini_batch,83,0.25024939987633843,0.47463144154798653,0.5332572090946952
mini_batch,84,0.2531289998732973,0.4721375214131883,0.5345759767947448
mini_batch,85,0.2560082998679718,0.4710185870071559,0.5354374657078473
mini_batch,86,0.2588737998594297,0.4728074423504328,0.532901634223863
mini_batch,87,0.2623566998663591,0.47217145731990856,0.5299142248976567
mini_batch,88,0.2655757998727495,0.471220876251822,0.5309874600638129
mini_batch,89,0.2684944998618448,0.47209468444807173,0.5340222440233414
mini_batch,90,0.27134849985304754,0.4748991310375697,0.5458816194245223
mini_batch,91,0.2746023998479359,0.4711540126514892,0.5364004981029145
mini_batch,92,0.2774826998502249,0.4701035616188942,0.5336188391112221
mini_batch,93,0.28041629985091276,0.47091314624616887,0.5372497767284887
mini_batch,94,0.28326649984228425,0.46976619000129977,0.5332084636390086
mini_batch,95,0.2862111998547334,0.4696348158646452,0.5334118536190441
mini_batch,96,0.28910019986506086,0.4772298036113624,0.5423413347806342
mini_batch,97,0.2920382998709101,0.4712437243348612,0.533575014090755
mini_batch,98,0.29487749986583367,0.4713752436503359,0.5347662837908207
mini_batch,99,0.2977561998704914,0.46995749975996676,0.5384151323179344
mini_batch,100,0.30063309986144304,0.4701009209979209,0.5378817488119388
mini_batch,101,0.3035223998595029,0.47077269960962287,0.5372077900674601
mini_batch,102,0.3064646998682292,0.4708067059447149,0.5363202697545435
mini_batch,103,0.3093473998742411,0.4697117841569976,0.5363567961037843
mini_batch,104,0.3122997998725623,0.47183382939097174,0.5336405312832536
mini_batch,105,0.31517959988559596,0.47257153561396037,0.5345542836805007
mini_batch,106,0.3183907998900395,0.4686604998729095,0.533985484830048
mini_batch,107,0.32154979988990817,0.4689032692300584,0.537080523896254
mini_batch,108,0.3250928998895688,0.4699363891097812,0.5358246574816258
mini_batch,109,0.3280114998924546,0.468964257363098,0.5323964716982259
mini_batch,110,0.3309040999010904,0.47064170752107454,0.5334692176350941
mini_batch,111,0.3342409999022493,0.47139718144598114,0.5345151041042947
mini_batch,112,0.33757809990493115,0.46979412142505067,0.537636590254621
mini_batch,113,0.3405639998964034,0.4697634541378016,0.5316632449302888
mini_batch,114,0.3434656999015715,0.4689685869737856,0.5387508375603474
mini_batch,115,0.3464715999143664,0.4692579876989527,0.5373011314762439
mini_batch,116,0.3499878999136854,0.4684739744711873,0.5310255614651025
mini_batch,117,0.3531656999111874,0.4699722999265665,0.5376052175341046
mini_batch,118,0.35632589990564156,0.4692312770815196,0.5378509600531415
mini_batch,119,0.35930049991293345,0.4712385020626291,0.5385381251065565
mini_batch,120,0.3624062999151647,0.4701983149842853,0.5337899781308184
mini_batch,121,0.36546719991019927,0.46808360799410953,0.5347717797294709
mini_batch,122,0.3684497999056475,0.46811511122255406,0.531056200207319
mini_batch,123,0.3714251999044791,0.47287258199715054,0.539771885029712
mini_batch,124,0.37481449989718385,0.4680079725269969,0.5290178319267944
mini_batch,125,0.37785609989077784,0.46845145374063674,0.5374265768569089
mini_batch,126,0.3810244998894632,0.46834137662364395,0.537544899923711
mini_batch,127,0.3840112998877885,0.4713685425475566,0.5377026335675686
mini_batch,128,0.3870049998804461,0.46960580300764776,0.5418216794818312
mini_batch,129,0.39000089988985565,0.46792570742740974,0.5338449803437613
mini_batch,130,0.3929443998786155,0.4674174941277399,0.5325498378645052
mini_batch,131,0.39595769987499807,0.46695662856062914,0.5364260636096855
mini_batch,132,0.39896509987011086,0.46692473254825745,0.5356902701418712
mini_batch,133,0.40190939987951424,0.4695211951060838,0.5379079521345174
mini_batch,134,0.40481199987698346,0.46758609331189643,0.5330985129907774
mini_batch,135,0.40779709987691604,0.4672435753551066,0.5352575857777384
mini_batch,136,0.41082839987939224,0.4696518309695509,0.5377660421228673
mini_batch,137,0.4140423998760525,0.46694846398601614,0.535539158962395
mini_batch,138,0.41703219986811746,0.4669076002167024,0.5345592081619114
mini_batch,139,0.41995679985848255,0.46805502360510737,0.5354644639917705
mini_batch,140,0.42295469986856915,0.4757192247340774,0.545653421236998
mini_batch,141,0.42589779986883514,0.4667185278331892,0.5303426740440853
mini_batch,142,0.4287936998734949,0.46806096868460895,0.5349172484908696
mini_batch,143,0.4316860998806078,0.4688535173300563,0.5382155161455966
mini_batch,144,0.4345539998903405,0.4671094305233716,0.534140642089605
mini_batch,145,0.4374245998915285,0.47350796633713466,0.5407374944251981
mini_batch,146,0.4402958998834947,0.4692501349862824,0.5315276719543693
mini_batch,147,0.4432076998928096,0.46772853863154434,0.5392781055537392
mini_batch,148,0.4460953998932382,0.46856364545487345,0.5374116320416045
mini_batch,149,0.4490005998959532,0.4695286825965817,0.5384025554196413
mini_batch,150,0.45192709990078583,0.4705744702978369,0.5355556474819456
mini_batch,151,0.4548552999040112,0.4663450420031,0.535576731435296
mini_batch,152,0.4578346999041969,0.46751715058228516,0.5359855056359246
mini_batch,153,0.4608161999058211,0.4683672430383691,0.5306978600212701
mini_batch,154,0.4636996999033727,0.46786252537648326,0.5374800281332802
mini_batch,155,0.46660549989610445,0.469645159999774,0.5414083652451
mini_batch,156,0.4695529999007704,0.4688496955366774,0.5373959221380313
mini_batch,157,0.4726080998952966,0.4666096094118496,0.5338354082489081
mini_batch,158,0.4755612998997094,0.47032514028546135,0.53267180252889
mini_batch,159,0.47852289989532437,0.4673895132087089,0.5348555183558313
mini_batch,160,0.4816320998943411,0.4663612577041103,0.5369609339796075
mini_batch,161,0.48470269989047665,0.4686282217392123,0.53237932595027
mini_batch,162,0.4876728998933686,0.4690693759273793,0.5384527186675839
mini_batch,163,0.49059019988635555,0.46941268855804147,0.534934771191499
mini_batch,164,0.4935199998872122,0.4666230240859889,0.5311748498216332
mini_batch,165,0.49645169988798443,0.4672122825637357,0.5293430850416032
mini_batch,166,0.4994188998825848,0.4668345609700802,0.5326799607053416
mini_batch,167,0.5023125998850446,0.4674463589847567,0.5396648032098139
mini_batch,168,0.505262399892672,0.46573702262108746,0.5327705407455754
mini_batch,169,0.5082333998871036,0.4684697464035143,0.5355477212252683
mini_batch,170,0.51122109987773,0.4673881679533166,0.5339716723112229
mini_batch,171,0.5141501998878084,0.4666321816983817,0.533887817614303
mini_batch,172,0.5170637998962775,0.4684739610265362,0.5387079669420837
mini_batch,173,0.519925699889427,0.4687847991980708,0.5355317363196649
mini_batch,174,0.5228662998852087,0.467920259908022,0.5375327172935792
mini_batch,175,0.5257145998912165,0.47063308170514867,0.5354578759199116
mini_batch,176,0.5286985998827731,0.46716780992753215,0.5322175992910065
mini_batch,177,0.5315874998777872,0.4663070687179396,0.5357593071546726
mini_batch,178,0.5344426998781273,0.4665652309237263,0.5363240506942056
mini_batch,179,0.537317199879908,0.46974867725592717,0.5425015485880667
mini_batch,180,0.5402167998836376,0.4669532562885964,0.537198335088571
mini_batch,181,0.5431042998825433,0.4661239685530308,0.5329773095012535
mini_batch,182,0.5460538998740958,0.46567687620837656,0.5327009498782552
mini_batch,183,0.5489789998682681,0.46649166043684326,0.5344361185102621
mini_batch,184,0.5519957998621976,0.46651074325587644,0.537233543985235
mini_batch,185,0.5549505998642417,0.4670828872986012,0.5306832591378053
mini_batch,186,0.557894199853763,0.4686176515064494,0.5350540699940834
mini_batch,187,0.5608656998520019,0.4681531997915208,0.5354566664156317
mini_batch,188,0.5637995998549741,0.46711564510092324,0.5346715172325565
mini_batch,189,0.5668094998545712,0.469609701291905,0.5355036587450609
mini_batch,190,0.5697024998662528,0.4676882276782531,0.5348320417483603
mini_batch,191,0.5726625998649979,0.4669570661201567,0.5407313327234212
mini_batch,192,0.5755841998761753,0.4656303554376086,0.5358746031163959
mini_batch,193,0.578497699869331,0.4660773042707443,0.5283707685639503
mini_batch,194,0.5814025998697616,0.4696617815029204,0.5417651707996419
mini_batch,195,0.5845029998599784,0.4685917470275026,0.5484661007577958
mini_batch,196,0.5874604998680297,0.46581752037666857,0.5380665470205563
mini_batch,197,0.5903184998751385,0.46612727664636405,0.5349673172091653
mini_batch,198,0.5931568998639705,0.46995498732903046,0.5375264564766256
mini_batch,199,0.5960017998731928,0.4670713566559914,0.5338209141186346
mini_batch,200,0.5988863998645684,0.46523783202795554,0.530119989611217
sgd,1,0.07095079999999143,0.6325414989419134,0.670947990459655
sgd,2,0.1478244000027189,0.5768312593549897,0.6176546542328923
sgd,3,0.2192032000020845,0.5547477280136034,0.599253738869587
sgd,4,0.28699959999357816,0.5413393480445575,0.5831876364208297
sgd,5,0.36053289999836124,0.532286474546355,0.5715673972614072
sgd,6,0.436801200004993,0.5238534881402888,0.5690241971784387
sgd,7,0.5094676000153413,0.5208828533577614,0.5698067026284521
sgd,8,0.5870169000263559,0.5160196676045677,0.5613840193224003
sgd,9,0.656458300029044,0.5106106457081319,0.5508764514327876
sgd,10,0.7268505000247387,0.5073929459637571,0.5506591783275709
sgd,11,0.7946060000249417,0.5051321904343888,0.548056150336876
sgd,12,0.8625822000321932,0.5037902817900817,0.5522540683220803
sgd,13,0.9311515000299551,0.4999985897969211,0.5462703298433773
sgd,14,0.9980695000267588,0.5036231691010565,0.5400817506054251
sgd,15,1.065095800018753,0.49775190497719224,0.5449907397747034
sgd,16,1.1337462000228697,0.4954786666473955,0.5454846858782793
sgd,17,1.2063688000198454,0.4944388899493137,0.5388030172491292
sgd,18,1.2771085000276798,0.49516141735256836,0.5464405230105731
sgd,19,1.3452617000293685,0.49270560643849876,0.5486711453029054
sgd,20,1.4138334000308532,0.4901558764411348,0.542417453080213
sgd,21,1.4831302000238793,0.4904294884932537,0.5396127394858419
sgd,22,1.5500603000255069,0.4895511718028725,0.5430129822863521
sgd,23,1.6189661000244087,0.49004938108331486,0.5430785973894184
sgd,24,1.6883043000270845,0.49535060497927674,0.5419639438487907
sgd,25,1.75573020002048,0.4869724368511397,0.5379930063179752
sgd,26,1.8224638000247069,0.48773686985492015,0.5399732705343446
sgd,27,1.8921708000125363,0.48608418261388325,0.5382853117559276
sgd,28,1.9606445000099484,0.48424416519784097,0.5400110536233207
sgd,29,2.0278524000023026,0.4872402184223756,0.54826827621675
sgd,30,2.0949555999977747,0.48567334095692394,0.5350104233519046
adagrad,1,0.0035684000031324103,0.613146704744802,0.6753651243389792
adagrad,2,0.007127199991373345,0.5528351695030185,0.6211615439373072
adagrad,3,0.010635899991029873,0.5379014321998864,0.5952379119289272
adagrad,4,0.014130600000498816,0.5103507051984215,0.555691650115593
adagrad,5,0.017588400005479343,0.5076158751104919,0.5564396033318931
adagrad,6,0.02116710001428146,0.5020464534603298,0.5628047993191833
adagrad,7,0.02486900001531467,0.49876512164161485,0.5681999713950429
adagrad,8,0.02843030000803992,0.49133233843524293,0.5483284195479696
adagrad,9,0.03192650001437869,0.5035406623114858,0.5630710807531709
adagrad,10,0.03543430000718217,0.48336919082819596,0.5465535935792424
adagrad,11,0.03892439999617636,0.49062625118224235,0.5603455759310173
adagrad,12,0.0424114999914309,0.4888806931415397,0.5618784952134152
adagrad,13,0.04589369997847825,0.4814257832214712,0.555528912351992
adagrad,14,0.04937919997610152,0.5063165950231023,0.5430329983584151
adagrad,15,0.05295059997297358,0.49315849208393486,0.5590264479574287
adagrad,16,0.05648579997068737,0.4853210380546194,0.5587847711620407
adagrad,17,0.06003279997094069,0.48304901669408395,0.5311536270679417
adagrad,18,0.06366969997179694,0.48160174253871424,0.5498439837852213
adagrad,19,0.06722189996798988,0.4788796546392912,0.5527013510394146
adagrad,20,0.07076439996308181,0.4772532280526928,0.554260523354832
adagrad,21,0.07431379995250609,0.48279076048909597,0.5425362805804388
adagrad,22,0.07786119994125329,0.48129532647429357,0.5523071617576024
adagrad,23,0.08141899993643165,0.4777198283369204,0.5434948834158386
adagrad,24,0.08516899992537219,0.4927255139891582,0.5539859303586377
adagrad,25,0.0887200999277411,0.4795644954280154,0.544513673093702
adagrad,26,0.09229699992283713,0.4725769608429045,0.5408685259860794
adagrad,27,0.09594769992690999,0.48040649571759086,0.5435906002773482
adagrad,28,0.09973999993235338,0.4744291783189027,0.5503755498169507
adagrad,29,0.10333489993354306,0.4842944980101442,0.5656007597650471
adagrad,30,0.10685679993184749,0.49674245822060525,0.5544360142397649
adagrad,31,0.11038729992287699,0.48060299513936855,0.5413802983711874
adagrad,32,0.11391069993260317,0.47899543826325663,0.5586577881630966
adagrad,33,0.11751259992888663,0.4755029160533279,0.5537809904072687
adagrad,34,0.12101549992803484,0.4796939324539201,0.5540479270239451
adagrad,35,0.12450989993521944,0.47074995729564395,0.5318035629917757
adagrad,36,0.12796619994333014,0.46930393778775714,0.5371953324293198
adagrad,37,0.13142669993976597,0.47152008055126504,0.5425691335834604
adagrad,38,0.13492639994365163,0.47514795857761016,0.5445181430861298
adagrad,39,0.13836159993661568,0.4763346972760072,0.5582510550962901
adagrad,40,0.141788499939139,0.47840505329687316,0.5416228641517533
adagrad,41,0.14520469994749874,0.47561148893783334,0.5339763163318697
adagrad,42,0.14870519994292408,0.4772071777817513,0.540157913108593
adagrad,43,0.1521091999456985,0.4694608260265713,0.5408832140332362
adagrad,44,0.1555838999338448,0.4702758494663441,0.5400023640010159
adagrad,45,0.15902239993738476,0.4701904050971747,0.5378062056532814
adagrad,46,0.16248359993915074,0.46725285597696575,0.5356746380316889
adagrad,47,0.16594609993626364,0.470504512563202,0.5432666755884084
adagrad,48,0.16941109992330894,0.47695640265533373,0.5594309294252467
adagrad,49,0.17288249991543125,0.46805732428328106,0.529609777333721
adagrad,50,0.176650199922733,0.4695095303361127,0.5335241785452908
adagrad,51,0.1801548999210354,0.4706531127540875,0.5341428352963267
adagrad,52,0.18363689992111176,0.4673501372724323,0.5350834634502487
adagrad,53,0.1871121999283787,0.46772961932669743,0.538982338097071
adagrad,54,0.19057959991914686,0.46988933574234887,0.5375063622618613
adagrad,55,0.19409439992159605,0.47387580635698207,0.5408115939268415
adagrad,56,0.19802749992231838,0.47048141133928334,0.5454570263526235
adagrad,57,0.2016135999292601,0.47078849271229123,0.5504221607473153
adagrad,58,0.2050950999255292,0.4684076235240759,0.5364342767305504
adagrad,59,0.20860779992653988,0.46741129353822797,0.5335950094117033
adagrad,60,0.21208979992661625,0.47117269774151793,0.5358997929544091
adagrad,61,0.2155826999223791,0.4702671942194712,0.5323799395851744
adagrad,62,0.2190902999282116,0.4727613545209913,0.547731883751936
adagrad,63,0.22286319993145298,0.47131754225507594,0.5380877948807463
adagrad,64,0.2264684999245219,0.4745716219875447,0.5462579313000513
adagrad,65,0.2299933999311179,0.46703971536268013,0.5340255418118595
adagrad,66,0.2335096999304369,0.46444404801308425,0.5348000948496503
adagrad,67,0.23703999993449543,0.4678364955513752,0.5404753734183488
adagrad,68,0.24059159994067159,0.47072538671092545,0.5321505598201945
adagrad,69,0.24416479993669782,0.4669370173573428,0.5387547175706994
adagrad,70,0.24790099993697368,0.4714394382313467,0.5335580601649601
adagrad,71,0.2514809999411227,0.46775967803071905,0.5331996913240161
adagrad,72,0.2550554999470478,0.4710912812013242,0.5278729741612401
adagrad,73,0.2585482999566011,0.4686853614632244,0.53175283465716
adagrad,74,0.2620768999622669,0.469435342994878,0.536332322961971
adagrad,75,0.2657966999540804,0.4675345911866952,0.5411162848157675
adagrad,76,0.26943219994427636,0.4659272097200453,0.5407163013278602
adagrad,77,0.27310479994048364,0.4699568472474249,0.537618167328072
adagrad,78,0.2766833999485243,0.4675811987301001,0.5313930113099583
adagrad,79,0.28028809995157644,0.46589695898434313,0.5351009293443004
adagrad,80,0.28386619994125795,0.47175090822398563,0.5486987411415803
adagrad,81,0.28743539995048195,0.4654238763130257,0.5369530054820356
adagrad,82,0.2911029999377206,0.4674543321067955,0.5319046043370924
adagrad,83,0.2947904999309685,0.47087401153979597,0.5341628519318505
adagrad,84,0.29836019994399976,0.46768093700388585,0.537119918562338
adagrad,85,0.3019047999405302,0.4653580366858864,0.5360391847306775
adagrad,86,0.3054829999455251,0.47019527423427565,0.533985076699401
adagrad,87,0.3092079999478301,0.46759701355756583,0.5289315133443458
adagrad,88,0.3127336999459658,0.46797037737003133,0.531916956094142
adagrad,89,0.3164022999408189,0.4691256786629562,0.5357687076498276
adagrad,90,0.3201741999509977,0.47014324597569074,0.5487040948374703
adagrad,91,0.32373929995810613,0.46609721816279437,0.5367662762856028
adagrad,92,0.3272741999680875,0.4648777361663375,0.5323639772275279
adagrad,93,0.3307974999625003,0.465914034585731,0.5389194868432372
adagrad,94,0.33430559995758813,0.46417447634497233,0.5334458364180963
adagrad,95,0.3379220999486279,0.4646004488430348,0.5332489543086899
adagrad,96,0.34162119995744433,0.47558502633045996,0.5459401691454333
adagrad,97,0.34518669996759854,0.4673072821922123,0.5350791672689628
adagrad,98,0.3487291999626905,0.46663777846363075,0.5344096769447495
adagrad,99,0.35226969997165725,0.4661973863226083,0.5405780601961145
adagrad,100,0.3558132999605732,0.4666561327824954,0.5412472592972299
adagrad,101,0.35941819996514823,0.46719514832852393,0.5417869568433996
adagrad,102,0.3633705999527592,0.4669047627758045,0.5382405360818742
adagrad,103,0.36708979995455593,0.4650268020475376,0.5381602057043933
adagrad,104,0.37065099996107165,0.4681961129578543,0.5321620781346332
adagrad,105,0.37416689995734487,0.46876192083930784,0.5357883369545332
adagrad,106,0.3778825999615947,0.464177855127203,0.532838693264661
adagrad,107,0.38179389997094404,0.4652644031811004,0.5389737092822171
adagrad,108,0.38562309996632393,0.4660356110632398,0.5365036148080062
adagrad,109,0.38932769995881245,0.46501618518516824,0.5321266878719283
adagrad,110,0.39336889995320234,0.46713308526964903,0.5344834342245419
adagrad,111,0.3970341999520315,0.4683052137672865,0.5342493790969678
adagrad,112,0.4006633999524638,0.4659091212811412,0.5394802794381873
adagrad,113,0.404190099958214,0.465797868028084,0.5299206756064199
adagrad,114,0.40776259994891006,0.46495025037746573,0.5396265750571239
adagrad,115,0.41138619995035697,0.4651170596946744,0.5377974126443641
adagrad,116,0.4149084999517072,0.464666592463281,0.529798169561465
adagrad,117,0.4185215999459615,0.4664831711678265,0.5368930327142759
adagrad,118,0.42203839994908776,0.4651943217995744,0.5390124196238999
adagrad,119,0.425617999950191,0.467414330270332,0.538454376951527
adagrad,120,0.4291226999630453,0.46688643455488643,0.5338022225509165
adagrad,121,0.43265899996913504,0.46376859049922187,0.534598455906145
adagrad,122,0.43620949996693525,0.46422789281835664,0.5297394595272663
adagrad,123,0.43970309996802825,0.4692951044971839,0.5386148693635001
adagrad,124,0.4431881999626057,0.4642116024094807,0.5269425195123199
adagrad,125,0.4467080999602331,0.46573620828257734,0.539972024219335
adagrad,126,0.45022409995726775,0.4645068015344336,0.5372939854065033
adagrad,127,0.4537074999680044,0.46847158087807406,0.53764094893295
adagrad,128,0.4572080999641912,0.46604182237107816,0.5408823425819553
adagrad,129,0.46074729996325914,0.4646206308712218,0.5324888808770929
adagrad,130,0.4642152999731479,0.4643546424094428,0.5324302599885986
adagrad,131,0.4676943999656942,0.46303277356042416,0.5362447861389941
adagrad,132,0.47118119995866437,0.4632178885252443,0.5369243664771807
adagrad,133,0.47468159995332826,0.4662689739562458,0.5374869242201565
adagrad,134,0.4782106999482494,0.46421072535187563,0.5327912416960627
adagrad,135,0.48175799995078705,0.46392223711411185,0.5346830777314084
adagrad,136,0.485285299946554,0.46625971724415055,0.5368172606086062
adagrad,137,0.48885109994444065,0.4634215191206782,0.5347388382064912
adagrad,138,0.49247469994588755,0.46317304956605093,0.5333913168336251
adagrad,139,0.49602229995070957,0.4645606868874325,0.5350107910144299
adagrad,140,0.4995618999528233,0.47313638315422196,0.5447405628692884
adagrad,141,0.5031030999525683,0.4632662521283336,0.5293503405471549
adagrad,142,0.5066120999545092,0.4644908431779592,0.5335228503293475
adagrad,143,0.5101466999622062,0.46541200613281397,0.5372494434812073
adagrad,144,0.5136443999654148,0.46359057409879995,0.5325944723687788
adagrad,145,0.5171378999657463,0.4706964371946161,0.5410264821453817
adagrad,146,0.520629899969208,0.46636901905861217,0.5297363511172337
adagrad,147,0.5240903999801958,0.4645101540888338,0.5386013362344638
adagrad,148,0.5275103999883868,0.4648094244157729,0.5356809876589654
adagrad,149,0.5310128999990411,0.4662441112042253,0.5369202233842388
adagrad,150,0.5344541999947978,0.4685864887372963,0.5343918798931635
adagrad,151,0.537849999993341,0.4629315372144183,0.53475289294703
adagrad,152,0.5412541999830864,0.46442342357944877,0.5354458357198785
adagrad,153,0.5446241999889025,0.4657593652920613,0.5295755637987959
adagrad,154,0.5479969000007259,0.4644593618204901,0.5357825092224234
adagrad,155,0.5513506999996025,0.46658432717301174,0.5404231397117654
adagrad,156,0.5547243999899365,0.4664714456543773,0.5355738392905544
adagrad,157,0.5581523000000743,0.46384479077043805,0.5333997584127489
adagrad,158,0.5615189999953145,0.4673729214267155,0.5311472575045703
adagrad,159,0.5649101000017254,0.46413588361116354,0.5322995709490811
adagrad,160,0.5683425000024727,0.463114706257726,0.5353643248923854
adagrad,161,0.5717189999995753,0.4654957697567841,0.5311587172617755
adagrad,162,0.5750984999904176,0.465996495153093,0.536338903547476
adagrad,163,0.5786901999963447,0.4668685417658174,0.5334754505294821
adagrad,164,0.5821797999960836,0.4635136125537295,0.5291772096101224
adagrad,165,0.5855316999950446,0.4642248304362193,0.5280630125157609
adagrad,166,0.5888769000011962,0.4636325720988835,0.5309385656358446
adagrad,167,0.5922676000045612,0.4646289714331938,0.5390161188476267
adagrad,168,0.5956545000080951,0.4629388329459188,0.5304247704640548
adagrad,169,0.5991147000167985,0.46498050692237075,0.5338776224187151
adagrad,170,0.6024735000100918,0.46440574643435395,0.5325939951300468
adagrad,171,0.6059898000094108,0.463621572550396,0.5322441456659829
adagrad,172,0.6093809000012698,0.4654389656497914,0.5367949000272759
adagrad,173,0.6128456000005826,0.4660204612804722,0.534355274839512
adagrad,174,0.616224899989902,0.46428141654899735,0.5355504168995848
adagrad,175,0.6196188999892911,0.4678648219775381,0.5348804239076826
adagrad,176,0.6232200999947963,0.46482177359016097,0.5308996457532708
adagrad,177,0.626716699989629,0.4631960925764197,0.533997210098564
adagrad,178,0.630170199990971,0.46349125979285977,0.5348149124435634
adagrad,179,0.6335426999867195,0.4665888662900568,0.5405967801833547
adagrad,180,0.6370138999918709,0.4640370031087842,0.5357838229431215
adagrad,181,0.640466099997866,0.4635292441518711,0.5313646255925758
adagrad,182,0.6438106999994488,0.46284381793300194,0.5311390215212873
adagrad,183,0.6471897999872454,0.4636682457677685,0.5324392225439404
adagrad,184,0.6507775999780279,0.46369677753416355,0.5343318273254327
adagrad,185,0.6542600999819115,0.46419676027324946,0.5281131100377228
adagrad,186,0.6576463999808766,0.4662187102808536,0.5351275442090971
adagrad,187,0.6610083999839844,0.46512900870111756,0.5333242798390225
adagrad,188,0.6646387999790022,0.4638818329235553,0.5327997035531014
adagrad,189,0.6682222999806982,0.4669310051403257,0.5344096549901237
adagrad,190,0.6718359999795211,0.4645598142778923,0.5327358916163814
adagrad,191,0.6754114999785088,0.46412486095352673,0.5384842453359481
adagrad,192,0.6789626999816392,0.4628413399117277,0.5343042814966792
adagrad,193,0.6825406999851111,0.46327513593630243,0.5265294322637905
adagrad,194,0.6859547999920323,0.4662897778984098,0.5390804124207654
adagrad,195,0.6893812999915099,0.4662228079999,0.5476422993726434
adagrad,196,0.6930682999955025,0.46316268643307085,0.5361431921650391
adagrad,197,0.6966603000037139,0.46327902692660267,0.5328591738655959
adagrad,198,0.7002808000106597,0.46672479735893135,0.5339723712160174
adagrad,199,0.7037793000199599,0.4642110999085738,0.5326260840672852
adagrad,200,0.707287900018855,0.4625699130058077,0.5285962353536487
